sheet,page_url,netlify_site,netlify_url
NEW services,https://pro-collision.net/services/collision-repair,collision-repair-procollision,https://collision-repair-procollision.netlify.app
NEW services,https://pro-collision.net/services/plastic-bumper-repair,plastic-bumper-repair-procollision,https://plastic-bumper-repair-procollision.netlify.app
NEW services,https://pro-collision.net/services/front-bumper-repair,front-bumper-repair-procollision,https://front-bumper-repair-procollision.netlify.app
NEW services,https://pro-collision.net/services/rear-bumper-repair,rear-bumper-repair-procollision,https://rear-bumper-repair-procollision.netlify.app
NEW services,https://pro-collision.net/services/auto-paint-color-matching,auto-paint-color-matching-procollision,https://auto-paint-color-matching-procollision.netlify.app
NEW services,https://pro-collision.net/services/hail-damage-repair,hail-damage-repair-procollision,https://hail-damage-repair-procollision.netlify.app
NEW services,https://pro-collision.net/services/aluminum-body-repair,aluminum-body-repair-procollision,https://aluminum-body-repair-procollision.netlify.app
NEW services,https://pro-collision.net/services/ev-collision-repair,ev-collision-repair-procollision,https://ev-collision-repair-procollision.netlify.app
Business type(NEW pages),https://pro-collision.net/services/fleet-collision-repair,fleet-collision-repair-procollision,https://fleet-collision-repair-procollision.netlify.app
Business type(NEW pages),https://pro-collision.net/services/insurance-collision-repair,insurance-collision-repair-procollision,https://insurance-collision-repair-procollision.netlify.app
Brand (NEW pages),https://pro-collision.net/brands/tesla-collision-repair,tesla-collision-repair-procollision,https://tesla-collision-repair-procollision.netlify.app
Brand (NEW pages),https://pro-collision.net/brands/tesla/model-3-collision-repair,tesla-model-3-collision-repair-procollision,https://tesla-model-3-collision-repair-procollision.netlify.app
Brand (NEW pages),https://pro-collision.net/brands/toyota-collision-repair,toyota-collision-repair-procollision,https://toyota-collision-repair-procollision.netlify.app
Brand (NEW pages),https://pro-collision.net/brands/bmw-collision-repair,bmw-collision-repair-procollision,https://bmw-collision-repair-procollision.netlify.app
Brand (NEW pages),https://pro-collision.net/brands/lexus-collision-repair,lexus-collision-repair-procollision,https://lexus-collision-repair-procollision.netlify.app
Brand (NEW pages),https://pro-collision.net/brands/honda-collision-repair,honda-collision-repair-procollision,https://honda-collision-repair-procollision.netlify.app
Brand (NEW pages),https://pro-collision.net/brands/mercedes-benz-collision-repair,mercedes-benz-collision-repair-procollision,https://mercedes-benz-collision-repair-procollision.netlify.app
Brand (NEW pages),https://pro-collision.net/brands/audi-collision-repair,audi-collision-repair-procollision,https://audi-collision-repair-procollision.netlify.app
Brand (NEW pages),https://pro-collision.net/brands/nissan-collision-repair,nissan-collision-repair-procollision,https://nissan-collision-repair-procollision.netlify.app
Brand (NEW pages),https://pro-collision.net/brands/rivian-collision-repair,rivian-collision-repair-procollision,https://rivian-collision-repair-procollision.netlify.app
Brand (NEW pages),https://pro-collision.net/brands/hyundai-collision-repair,hyundai-collision-repair-procollision,https://hyundai-collision-repair-procollision.netlify.app
Brand (NEW pages),https://pro-collision.net/brands/subaru-collision-repair,subaru-collision-repair-procollision,https://subaru-collision-repair-procollision.netlify.app
Brand (NEW pages),https://pro-collision.net/brands/porsche-collision-repair,porsche-collision-repair-procollision,https://porsche-collision-repair-procollision.netlify.app
Brand (NEW pages),https://pro-collision.net/brands/infiniti-collision-repair,infiniti-collision-repair-procollision,https://infiniti-collision-repair-procollision.netlify.app
Brand (NEW pages),https://pro-collision.net/brands/chevrolet-collision-repair,chevrolet-collision-repair-procollision,https://chevrolet-collision-repair-procollision.netlify.app
Brand (NEW pages),https://pro-collision.net/brands/gmc-collision-repair,gmc-collision-repair-procollision,https://gmc-collision-repair-procollision.netlify.app
Brand (NEW pages),https://pro-collision.net/brands/jeep-collision-repair,jeep-collision-repair-procollision,https://jeep-collision-repair-procollision.netlify.app
Brand (NEW pages),https://pro-collision.net/brands/kia-collision-repair,kia-collision-repair-procollision,https://kia-collision-repair-procollision.netlify.app
Brand (NEW pages),https://pro-collision.net/brands/volkswagen-collision-repair,volkswagen-collision-repair-procollision,https://volkswagen-collision-repair-procollision.netlify.app
Brand (NEW pages),https://pro-collision.net/brands/volvo-collision-repair,volvo-collision-repair-procollision,https://volvo-collision-repair-procollision.netlify.app
Brand (NEW pages),https://pro-collision.net/brands/cadillac-collision-repair,cadillac-collision-repair-procollision,https://cadillac-collision-repair-procollision.netlify.app
Brand (NEW pages),https://pro-collision.net/brands/land-rover-collision-repair,land-rover-collision-repair-procollision,https://land-rover-collision-repair-procollision.netlify.app
Brand (NEW pages),https://pro-collision.net/brands/jaguar-collision-repair,jaguar-collision-repair-procollision,https://jaguar-collision-repair-procollision.netlify.app
Brand (NEW pages),https://pro-collision.net/brands/mazda-collision-repair,mazda-collision-repair-procollision,https://mazda-collision-repair-procollision.netlify.app
Brand (NEW pages),https://pro-collision.net/brands/dodge-collision-repair,dodge-collision-repair-procollision,https://dodge-collision-repair-procollision.netlify.app
Brand (NEW pages),https://pro-collision.net/brands/ram-collision-repair,ram-collision-repair-procollision,https://ram-collision-repair-procollision.netlify.app
Brand (NEW pages),https://pro-collision.net/brands/ferrari-collision-repair,ferrari-collision-repair-procollision,https://ferrari-collision-repair-procollision.netlify.app
Brand (NEW pages),https://pro-collision.net/brands/lucid-collision-repair,lucid-collision-repair-procollision,https://lucid-collision-repair-procollision.netlify.app
Brand (NEW pages),https://pro-collision.net/brands/aston-martin-collision-repair,aston-martin-collision-repair-procollision,https://aston-martin-collision-repair-procollision.netlify.app
Brand (NEW pages),https://pro-collision.net/brands/bentley-collision-repair,bentley-collision-repair-procollision,https://bentley-collision-repair-procollision.netlify.app
Brand (NEW pages),https://pro-collision.net/brands/lamborghini-collision-repair,lamborghini-collision-repair-procollision,https://lamborghini-collision-repair-procollision.netlify.app
Brand (NEW pages),https://pro-collision.net/brands/mclaren-collision-repair,mclaren-collision-repair-procollision,https://mclaren-collision-repair-procollision.netlify.app
Brand (NEW pages),https://pro-collision.net/brands/alfa-romeo-collision-repair,alfa-romeo-collision-repair-procollision,https://alfa-romeo-collision-repair-procollision.netlify.app
Brand (NEW pages),https://pro-collision.net/brands/mini-collision-repair,mini-collision-repair-procollision,https://mini-collision-repair-procollision.netlify.app
